Geoid,Designation
440010301001,Lower risk for overdose
440010301002,Lower risk for overdose
440010301003,Lower risk for overdose
440010301004,Lower risk for overdose
440010302001,Lower risk for overdose
440010302002,Lower risk for overdose
440010302003,Lower risk for overdose
440010303001,Lower risk for overdose
440010303002,Lower risk for overdose
440010303003,Lower risk for overdose
440010304001,Lower risk for overdose
440010304002,Lower risk for overdose
440010304003,Lower risk for overdose
440010306011,Lower risk for overdose
440010306012,Lower risk for overdose
440010306013,Lower risk for overdose
440010306021,Lower risk for overdose
440010306022,Lower risk for overdose
440010306023,Lower risk for overdose
440010306024,Lower risk for overdose
440010307001,Lower risk for overdose
440010307002,Lower risk for overdose
440010307003,Lower risk for overdose
440010308001,Lower risk for overdose
440010308002,Lower risk for overdose
440010308003,Lower risk for overdose
440010308004,Lower risk for overdose
440010309011,Lower risk for overdose
440010309012,Lower risk for overdose
440010309013,Lower risk for overdose
440010309021,Lower risk for overdose
440010309022,Lower risk for overdose
440010309023,Lower risk for overdose
440030201012,Lower risk for overdose
440030201021,Lower risk for overdose
440030203001,Lower risk for overdose
440030204001,Lower risk for overdose
440030205001,Lower risk for overdose
440030205003,Lower risk for overdose
440030206012,Lower risk for overdose
440030206013,Lower risk for overdose
440030206014,Lower risk for overdose
440030206032,Lower risk for overdose
440030207011,Lower risk for overdose
440030207021,Lower risk for overdose
440030207031,Lower risk for overdose
440030207033,Lower risk for overdose
440030208002,Lower risk for overdose
440030208003,Lower risk for overdose
440030209012,Lower risk for overdose
440030209013,Lower risk for overdose
440030209014,Lower risk for overdose
440030209031,Lower risk for overdose
440030209032,Lower risk for overdose
440030209033,Lower risk for overdose
440030209041,Lower risk for overdose
440030209042,Lower risk for overdose
440030210011,Lower risk for overdose
440030210012,Lower risk for overdose
440030210021,Lower risk for overdose
440030210022,Lower risk for overdose
440030210023,Lower risk for overdose
440030210024,Lower risk for overdose
440030211001,Lower risk for overdose
440030211003,Lower risk for overdose
440030212001,Lower risk for overdose
440030212002,Lower risk for overdose
440030212003,Lower risk for overdose
440030213001,Lower risk for overdose
440030213002,Lower risk for overdose
440030213003,Lower risk for overdose
440030213004,Lower risk for overdose
440030214011,Lower risk for overdose
440030214012,Lower risk for overdose
440030214013,Lower risk for overdose
440030214021,Lower risk for overdose
440030214022,Lower risk for overdose
440030214023,Lower risk for overdose
440030215011,Lower risk for overdose
440030215012,Lower risk for overdose
440030215013,Lower risk for overdose
440030215014,Lower risk for overdose
440030215021,Lower risk for overdose
440030215022,Lower risk for overdose
440030215023,Lower risk for overdose
440030215024,Lower risk for overdose
440030216001,Lower risk for overdose
440030216002,Lower risk for overdose
440030217001,Lower risk for overdose
440030217003,Lower risk for overdose
440030217004,Lower risk for overdose
440030217005,Lower risk for overdose
440030218002,Lower risk for overdose
440030219011,Lower risk for overdose
440030219012,Lower risk for overdose
440030219013,Lower risk for overdose
440030219014,Lower risk for overdose
440030219021,Lower risk for overdose
440030219022,Lower risk for overdose
440030219023,Lower risk for overdose
440030219031,Lower risk for overdose
440030219032,Lower risk for overdose
440030219033,Lower risk for overdose
440030220001,Lower risk for overdose
440030220002,Lower risk for overdose
440030220003,Lower risk for overdose
440030221002,Lower risk for overdose
440030221004,Lower risk for overdose
440030222011,Lower risk for overdose
440030222012,Lower risk for overdose
440030222013,Lower risk for overdose
440030222014,Lower risk for overdose
440030222015,Lower risk for overdose
440030222021,Lower risk for overdose
440030222023,Lower risk for overdose
440030223001,Lower risk for overdose
440030224001,Lower risk for overdose
440030224002,Lower risk for overdose
440050401011,Lower risk for overdose
440050401012,Lower risk for overdose
440050401013,Lower risk for overdose
440050401021,Lower risk for overdose
440050401022,Lower risk for overdose
440050401032,Lower risk for overdose
440050401033,Lower risk for overdose
440050401034,Lower risk for overdose
440050401035,Lower risk for overdose
440050401036,Lower risk for overdose
440050402001,Lower risk for overdose
440050403022,Lower risk for overdose
440050403031,Lower risk for overdose
440050403041,Lower risk for overdose
440050404001,Lower risk for overdose
440050404002,Lower risk for overdose
440050404003,Lower risk for overdose
440050405003,Lower risk for overdose
440050406001,Lower risk for overdose
440050406002,Lower risk for overdose
440050406003,Lower risk for overdose
440050407001,Lower risk for overdose
440050407002,Lower risk for overdose
440050407003,Lower risk for overdose
440050408001,Lower risk for overdose
440050408002,Lower risk for overdose
440050408003,Lower risk for overdose
440050409001,Lower risk for overdose
440050409002,Lower risk for overdose
440050409003,Lower risk for overdose
440050409004,Lower risk for overdose
440050410002,Lower risk for overdose
440050411001,Lower risk for overdose
440050411002,Lower risk for overdose
440050411003,Lower risk for overdose
440050412001,Lower risk for overdose
440050413001,Lower risk for overdose
440050413002,Lower risk for overdose
440050413003,Lower risk for overdose
440050413004,Lower risk for overdose
440050413005,Lower risk for overdose
440050414001,Lower risk for overdose
440050414002,Lower risk for overdose
440050416012,Lower risk for overdose
440050416021,Lower risk for overdose
440050417021,Lower risk for overdose
440050417022,Lower risk for overdose
440050417023,Lower risk for overdose
440070001011,Lower risk for overdose
440070001012,Lower risk for overdose
440070001013,Lower risk for overdose
440070002004,Lower risk for overdose
440070003002,Lower risk for overdose
440070003003,Lower risk for overdose
440070004002,Lower risk for overdose
440070011001,Lower risk for overdose
440070011002,Lower risk for overdose
440070011003,Lower risk for overdose
440070015002,Lower risk for overdose
440070015003,Lower risk for overdose
440070016001,Lower risk for overdose
440070017001,Lower risk for overdose
440070018001,Lower risk for overdose
440070018003,Lower risk for overdose
440070018005,Lower risk for overdose
440070018006,Lower risk for overdose
440070019004,Lower risk for overdose
440070020004,Lower risk for overdose
440070021011,Lower risk for overdose
440070021012,Lower risk for overdose
440070021021,Lower risk for overdose
440070021022,Lower risk for overdose
440070021025,Lower risk for overdose
440070023001,Lower risk for overdose
440070023002,Lower risk for overdose
440070023003,Lower risk for overdose
440070023004,Lower risk for overdose
440070023005,Lower risk for overdose
440070023006,Lower risk for overdose
440070024001,Lower risk for overdose
440070024002,Lower risk for overdose
440070024003,Lower risk for overdose
440070024004,Lower risk for overdose
440070024005,Lower risk for overdose
440070024006,Lower risk for overdose
440070029001,Lower risk for overdose
440070031001,Lower risk for overdose
440070031002,Lower risk for overdose
440070031004,Lower risk for overdose
440070032001,Lower risk for overdose
440070032002,Lower risk for overdose
440070032003,Lower risk for overdose
440070032004,Lower risk for overdose
440070033001,Lower risk for overdose
440070033002,Lower risk for overdose
440070033004,Lower risk for overdose
440070034001,Lower risk for overdose
440070034003,Lower risk for overdose
440070034004,Lower risk for overdose
440070035001,Lower risk for overdose
440070035003,Lower risk for overdose
440070035004,Lower risk for overdose
440070036011,Lower risk for overdose
440070036012,Lower risk for overdose
440070036021,Lower risk for overdose
440070036022,Lower risk for overdose
440070036023,Lower risk for overdose
440070037001,Lower risk for overdose
440070037002,Lower risk for overdose
440070037003,Lower risk for overdose
440070037004,Lower risk for overdose
440070101011,Lower risk for overdose
440070101012,Lower risk for overdose
440070101013,Lower risk for overdose
440070101014,Lower risk for overdose
440070101021,Lower risk for overdose
440070101022,Lower risk for overdose
440070101023,Lower risk for overdose
440070101024,Lower risk for overdose
440070102001,Lower risk for overdose
440070102002,Lower risk for overdose
440070102003,Lower risk for overdose
440070102004,Lower risk for overdose
440070102005,Lower risk for overdose
440070103002,Lower risk for overdose
440070103003,Lower risk for overdose
440070104001,Lower risk for overdose
440070104005,Lower risk for overdose
440070105012,Lower risk for overdose
440070105013,Lower risk for overdose
440070105021,Lower risk for overdose
440070105022,Lower risk for overdose
440070105024,Lower risk for overdose
440070106001,Lower risk for overdose
440070106003,Lower risk for overdose
440070106004,Lower risk for overdose
440070106005,Lower risk for overdose
440070107011,Lower risk for overdose
440070107012,Lower risk for overdose
440070107021,Lower risk for overdose
440070107022,Lower risk for overdose
440070107023,Lower risk for overdose
440070107024,Lower risk for overdose
440070107025,Lower risk for overdose
440070108003,Lower risk for overdose
440070109003,Lower risk for overdose
440070112001,Lower risk for overdose
440070112003,Lower risk for overdose
440070113011,Lower risk for overdose
440070113013,Lower risk for overdose
440070113021,Lower risk for overdose
440070113022,Lower risk for overdose
440070113023,Lower risk for overdose
440070114011,Lower risk for overdose
440070114012,Lower risk for overdose
440070114013,Lower risk for overdose
440070114014,Lower risk for overdose
440070114015,Lower risk for overdose
440070114021,Lower risk for overdose
440070114022,Lower risk for overdose
440070114031,Lower risk for overdose
440070114032,Lower risk for overdose
440070114034,Lower risk for overdose
440070115001,Lower risk for overdose
440070115003,Lower risk for overdose
440070116001,Lower risk for overdose
440070116003,Lower risk for overdose
440070116004,Lower risk for overdose
440070117013,Lower risk for overdose
440070117021,Lower risk for overdose
440070117022,Lower risk for overdose
440070117023,Lower risk for overdose
440070118004,Lower risk for overdose
440070118005,Lower risk for overdose
440070119012,Lower risk for overdose
440070119021,Lower risk for overdose
440070119022,Lower risk for overdose
440070119023,Lower risk for overdose
440070120001,Lower risk for overdose
440070120003,Lower risk for overdose
440070120004,Lower risk for overdose
440070120005,Lower risk for overdose
440070121022,Lower risk for overdose
440070121023,Lower risk for overdose
440070121024,Lower risk for overdose
440070121032,Lower risk for overdose
440070121043,Lower risk for overdose
440070122001,Lower risk for overdose
440070122002,Lower risk for overdose
440070122003,Lower risk for overdose
440070124011,Lower risk for overdose
440070124012,Lower risk for overdose
440070124013,Lower risk for overdose
440070124014,Lower risk for overdose
440070124015,Lower risk for overdose
440070124021,Lower risk for overdose
440070124022,Lower risk for overdose
440070125003,Lower risk for overdose
440070126011,Lower risk for overdose
440070126012,Lower risk for overdose
440070126021,Lower risk for overdose
440070126023,Lower risk for overdose
440070126024,Lower risk for overdose
440070126025,Lower risk for overdose
440070126026,Lower risk for overdose
440070127011,Lower risk for overdose
440070127012,Lower risk for overdose
440070127013,Lower risk for overdose
440070127021,Lower risk for overdose
440070127022,Lower risk for overdose
440070127023,Lower risk for overdose
440070128011,Lower risk for overdose
440070128012,Lower risk for overdose
440070128013,Lower risk for overdose
440070128021,Lower risk for overdose
440070128022,Lower risk for overdose
440070129003,Lower risk for overdose
440070129004,Lower risk for overdose
440070130011,Lower risk for overdose
440070130012,Lower risk for overdose
440070130013,Lower risk for overdose
440070130022,Lower risk for overdose
440070130023,Lower risk for overdose
440070130024,Lower risk for overdose
440070131011,Lower risk for overdose
440070131012,Lower risk for overdose
440070131013,Lower risk for overdose
440070131021,Lower risk for overdose
440070131022,Lower risk for overdose
440070131023,Lower risk for overdose
440070132011,Lower risk for overdose
440070132012,Lower risk for overdose
440070132013,Lower risk for overdose
440070132014,Lower risk for overdose
440070132021,Lower risk for overdose
440070132023,Lower risk for overdose
440070133001,Lower risk for overdose
440070133002,Lower risk for overdose
440070133003,Lower risk for overdose
440070133004,Lower risk for overdose
440070134001,Lower risk for overdose
440070134002,Lower risk for overdose
440070134003,Lower risk for overdose
440070134004,Lower risk for overdose
440070135001,Lower risk for overdose
440070135002,Lower risk for overdose
440070135003,Lower risk for overdose
440070135004,Lower risk for overdose
440070136001,Lower risk for overdose
440070136002,Lower risk for overdose
440070137011,Lower risk for overdose
440070137012,Lower risk for overdose
440070137013,Lower risk for overdose
440070137014,Lower risk for overdose
440070137021,Lower risk for overdose
440070137022,Lower risk for overdose
440070137023,Lower risk for overdose
440070138001,Lower risk for overdose
440070138002,Lower risk for overdose
440070138003,Lower risk for overdose
440070138004,Lower risk for overdose
440070138005,Lower risk for overdose
440070139001,Lower risk for overdose
440070139002,Lower risk for overdose
440070140001,Lower risk for overdose
440070140004,Lower risk for overdose
440070140005,Lower risk for overdose
440070141004,Lower risk for overdose
440070142001,Lower risk for overdose
440070142003,Lower risk for overdose
440070143001,Lower risk for overdose
440070143002,Lower risk for overdose
440070143003,Lower risk for overdose
440070143004,Lower risk for overdose
440070144001,Lower risk for overdose
440070144002,Lower risk for overdose
440070144003,Lower risk for overdose
440070145011,Lower risk for overdose
440070145012,Lower risk for overdose
440070145013,Lower risk for overdose
440070145021,Lower risk for overdose
440070145022,Lower risk for overdose
440070145023,Lower risk for overdose
440070146001,Lower risk for overdose
440070146003,Lower risk for overdose
440070147004,Lower risk for overdose
440070148003,Lower risk for overdose
440070154001,Lower risk for overdose
440070155001,Lower risk for overdose
440070155002,Lower risk for overdose
440070155004,Lower risk for overdose
440070156001,Lower risk for overdose
440070156002,Lower risk for overdose
440070156003,Lower risk for overdose
440070157001,Lower risk for overdose
440070157002,Lower risk for overdose
440070157003,Lower risk for overdose
440070157004,Lower risk for overdose
440070158001,Lower risk for overdose
440070158002,Lower risk for overdose
440070158003,Lower risk for overdose
440070158004,Lower risk for overdose
440070158005,Lower risk for overdose
440070159001,Lower risk for overdose
440070159002,Lower risk for overdose
440070159003,Lower risk for overdose
440070159004,Lower risk for overdose
440070160002,Lower risk for overdose
440070161002,Lower risk for overdose
440070163001,Lower risk for overdose
440070163002,Lower risk for overdose
440070163003,Lower risk for overdose
440070165001,Lower risk for overdose
440070165003,Lower risk for overdose
440070168001,Lower risk for overdose
440070168002,Lower risk for overdose
440070168003,Lower risk for overdose
440070169001,Lower risk for overdose
440070169002,Lower risk for overdose
440070169003,Lower risk for overdose
440070170001,Lower risk for overdose
440070170003,Lower risk for overdose
440070170004,Lower risk for overdose
440070171001,Lower risk for overdose
440070171004,Lower risk for overdose
440070173001,Lower risk for overdose
440070173003,Lower risk for overdose
440070175002,Lower risk for overdose
440070175003,Lower risk for overdose
440070177001,Lower risk for overdose
440070177002,Lower risk for overdose
440070184002,Lower risk for overdose
440070184004,Lower risk for overdose
440070185003,Lower risk for overdose
440090415001,Lower risk for overdose
440090415002,Lower risk for overdose
440090501021,Lower risk for overdose
440090501022,Lower risk for overdose
440090501032,Lower risk for overdose
440090501034,Lower risk for overdose
440090501042,Lower risk for overdose
440090503011,Lower risk for overdose
440090503012,Lower risk for overdose
440090503013,Lower risk for overdose
440090503021,Lower risk for overdose
440090503022,Lower risk for overdose
440090504011,Lower risk for overdose
440090504012,Lower risk for overdose
440090504021,Lower risk for overdose
440090504022,Lower risk for overdose
440090504023,Lower risk for overdose
440090505001,Lower risk for overdose
440090505002,Lower risk for overdose
440090506001,Lower risk for overdose
440090506002,Lower risk for overdose
440090506003,Lower risk for overdose
440090506004,Lower risk for overdose
440090507002,Lower risk for overdose
440090507003,Lower risk for overdose
440090507004,Lower risk for overdose
440090507005,Lower risk for overdose
440090507006,Lower risk for overdose
440090508011,Lower risk for overdose
440090508012,Lower risk for overdose
440090508022,Lower risk for overdose
440090509011,Lower risk for overdose
440090509013,Lower risk for overdose
440090509022,Lower risk for overdose
440090509023,Lower risk for overdose
440090509024,Lower risk for overdose
440090510001,Lower risk for overdose
440090510002,Lower risk for overdose
440090510003,Lower risk for overdose
440090510004,Lower risk for overdose
440090510005,Lower risk for overdose
440090511011,Lower risk for overdose
440090511012,Lower risk for overdose
440090511013,Lower risk for overdose
440090511014,Lower risk for overdose
440090511021,Lower risk for overdose
440090511022,Lower risk for overdose
440090511023,Lower risk for overdose
440090512011,Lower risk for overdose
440090512021,Lower risk for overdose
440090512022,Lower risk for overdose
440090512023,Lower risk for overdose
440090512024,Lower risk for overdose
440090513021,Lower risk for overdose
440090513022,Lower risk for overdose
440090513023,Lower risk for overdose
440090513024,Lower risk for overdose
440090513025,Lower risk for overdose
440090513026,Lower risk for overdose
440090513041,Lower risk for overdose
440090513051,Lower risk for overdose
440090513052,Lower risk for overdose
440090513061,Lower risk for overdose
440090513062,Lower risk for overdose
440090513063,Lower risk for overdose
440090514001,Lower risk for overdose
440090515021,Lower risk for overdose
440090515022,Lower risk for overdose
440090515023,Lower risk for overdose
440090515024,Lower risk for overdose
440090515025,Lower risk for overdose
440090515031,Lower risk for overdose
440090515032,Lower risk for overdose
440090515033,Lower risk for overdose
440090515042,Lower risk for overdose
440090515043,Lower risk for overdose
440090515044,Lower risk for overdose
440030201022,Persistently high risk for overdose
440030202001,Persistently high risk for overdose
440030202003,Persistently high risk for overdose
440030203003,Persistently high risk for overdose
440030203004,Persistently high risk for overdose
440030203005,Persistently high risk for overdose
440030205002,Persistently high risk for overdose
440030206041,Persistently high risk for overdose
440030211002,Persistently high risk for overdose
440030221001,Persistently high risk for overdose
440050403032,Persistently high risk for overdose
440050405001,Persistently high risk for overdose
440070002005,Persistently high risk for overdose
440070003004,Persistently high risk for overdose
440070003005,Persistently high risk for overdose
440070007003,Persistently high risk for overdose
440070008001,Persistently high risk for overdose
440070008002,Persistently high risk for overdose
440070008003,Persistently high risk for overdose
440070014002,Persistently high risk for overdose
440070014005,Persistently high risk for overdose
440070016002,Persistently high risk for overdose
440070017003,Persistently high risk for overdose
440070019002,Persistently high risk for overdose
440070019005,Persistently high risk for overdose
440070021023,Persistently high risk for overdose
440070026001,Persistently high risk for overdose
440070027003,Persistently high risk for overdose
440070028001,Persistently high risk for overdose
440070029003,Persistently high risk for overdose
440070029004,Persistently high risk for overdose
440070108001,Persistently high risk for overdose
440070108002,Persistently high risk for overdose
440070110002,Persistently high risk for overdose
440070110003,Persistently high risk for overdose
440070111002,Persistently high risk for overdose
440070121031,Persistently high risk for overdose
440070121041,Persistently high risk for overdose
440070121042,Persistently high risk for overdose
440070125001,Persistently high risk for overdose
440070125002,Persistently high risk for overdose
440070151001,Persistently high risk for overdose
440070151002,Persistently high risk for overdose
440070152001,Persistently high risk for overdose
440070152002,Persistently high risk for overdose
440070154002,Persistently high risk for overdose
440070160003,Persistently high risk for overdose
440070161001,Persistently high risk for overdose
440070161004,Persistently high risk for overdose
440070164001,Persistently high risk for overdose
440070167002,Persistently high risk for overdose
440070171003,Persistently high risk for overdose
440070174002,Persistently high risk for overdose
440070174003,Persistently high risk for overdose
440070176001,Persistently high risk for overdose
440070176002,Persistently high risk for overdose
440070179003,Persistently high risk for overdose
440070180001,Persistently high risk for overdose
440070180002,Persistently high risk for overdose
440070180003,Persistently high risk for overdose
440070181001,Persistently high risk for overdose
440070181002,Persistently high risk for overdose
440070183001,Persistently high risk for overdose
440090501033,Persistently high risk for overdose
440010305001,Sporadically high risk for overdose
440010305002,Sporadically high risk for overdose
440010305003,Sporadically high risk for overdose
440010307004,Sporadically high risk for overdose
440010309024,Sporadically high risk for overdose
440030201011,Sporadically high risk for overdose
440030201013,Sporadically high risk for overdose
440030201023,Sporadically high risk for overdose
440030202002,Sporadically high risk for overdose
440030203002,Sporadically high risk for overdose
440030204002,Sporadically high risk for overdose
440030204003,Sporadically high risk for overdose
440030206011,Sporadically high risk for overdose
440030206021,Sporadically high risk for overdose
440030206022,Sporadically high risk for overdose
440030206031,Sporadically high risk for overdose
440030206033,Sporadically high risk for overdose
440030206042,Sporadically high risk for overdose
440030206043,Sporadically high risk for overdose
440030207022,Sporadically high risk for overdose
440030207032,Sporadically high risk for overdose
440030208001,Sporadically high risk for overdose
440030209011,Sporadically high risk for overdose
440030211004,Sporadically high risk for overdose
440030217002,Sporadically high risk for overdose
440030218001,Sporadically high risk for overdose
440030221003,Sporadically high risk for overdose
440030222022,Sporadically high risk for overdose
440030223002,Sporadically high risk for overdose
440030223003,Sporadically high risk for overdose
440030223004,Sporadically high risk for overdose
440050401023,Sporadically high risk for overdose
440050403021,Sporadically high risk for overdose
440050403042,Sporadically high risk for overdose
440050405002,Sporadically high risk for overdose
440050406004,Sporadically high risk for overdose
440050410001,Sporadically high risk for overdose
440050416011,Sporadically high risk for overdose
440050416022,Sporadically high risk for overdose
440050417011,Sporadically high risk for overdose
440070001014,Sporadically high risk for overdose
440070001021,Sporadically high risk for overdose
440070001022,Sporadically high risk for overdose
440070001023,Sporadically high risk for overdose
440070001024,Sporadically high risk for overdose
440070002001,Sporadically high risk for overdose
440070002002,Sporadically high risk for overdose
440070002003,Sporadically high risk for overdose
440070003001,Sporadically high risk for overdose
440070003006,Sporadically high risk for overdose
440070004001,Sporadically high risk for overdose
440070004003,Sporadically high risk for overdose
440070004004,Sporadically high risk for overdose
440070005001,Sporadically high risk for overdose
440070005002,Sporadically high risk for overdose
440070005003,Sporadically high risk for overdose
440070006001,Sporadically high risk for overdose
440070006002,Sporadically high risk for overdose
440070007001,Sporadically high risk for overdose
440070007002,Sporadically high risk for overdose
440070009001,Sporadically high risk for overdose
440070009002,Sporadically high risk for overdose
440070010001,Sporadically high risk for overdose
440070010002,Sporadically high risk for overdose
440070012001,Sporadically high risk for overdose
440070012002,Sporadically high risk for overdose
440070012003,Sporadically high risk for overdose
440070013001,Sporadically high risk for overdose
440070013002,Sporadically high risk for overdose
440070013003,Sporadically high risk for overdose
440070013004,Sporadically high risk for overdose
440070014001,Sporadically high risk for overdose
440070014003,Sporadically high risk for overdose
440070014004,Sporadically high risk for overdose
440070015001,Sporadically high risk for overdose
440070016003,Sporadically high risk for overdose
440070016004,Sporadically high risk for overdose
440070016005,Sporadically high risk for overdose
440070016006,Sporadically high risk for overdose
440070016007,Sporadically high risk for overdose
440070017002,Sporadically high risk for overdose
440070018002,Sporadically high risk for overdose
440070018004,Sporadically high risk for overdose
440070019001,Sporadically high risk for overdose
440070019003,Sporadically high risk for overdose
440070019006,Sporadically high risk for overdose
440070020001,Sporadically high risk for overdose
440070020002,Sporadically high risk for overdose
440070020003,Sporadically high risk for overdose
440070021013,Sporadically high risk for overdose
440070021024,Sporadically high risk for overdose
440070022001,Sporadically high risk for overdose
440070022002,Sporadically high risk for overdose
440070022003,Sporadically high risk for overdose
440070022004,Sporadically high risk for overdose
440070025001,Sporadically high risk for overdose
440070025002,Sporadically high risk for overdose
440070026002,Sporadically high risk for overdose
440070026003,Sporadically high risk for overdose
440070027001,Sporadically high risk for overdose
440070027002,Sporadically high risk for overdose
440070027004,Sporadically high risk for overdose
440070028002,Sporadically high risk for overdose
440070028003,Sporadically high risk for overdose
440070028004,Sporadically high risk for overdose
440070029002,Sporadically high risk for overdose
440070029005,Sporadically high risk for overdose
440070031003,Sporadically high risk for overdose
440070031005,Sporadically high risk for overdose
440070033003,Sporadically high risk for overdose
440070034002,Sporadically high risk for overdose
440070035002,Sporadically high risk for overdose
440070102006,Sporadically high risk for overdose
440070102007,Sporadically high risk for overdose
440070103001,Sporadically high risk for overdose
440070104002,Sporadically high risk for overdose
440070104003,Sporadically high risk for overdose
440070104004,Sporadically high risk for overdose
440070105011,Sporadically high risk for overdose
440070105023,Sporadically high risk for overdose
440070106002,Sporadically high risk for overdose
440070106006,Sporadically high risk for overdose
440070109001,Sporadically high risk for overdose
440070109002,Sporadically high risk for overdose
440070110001,Sporadically high risk for overdose
440070111001,Sporadically high risk for overdose
440070112002,Sporadically high risk for overdose
440070112004,Sporadically high risk for overdose
440070112005,Sporadically high risk for overdose
440070113012,Sporadically high risk for overdose
440070114033,Sporadically high risk for overdose
440070115002,Sporadically high risk for overdose
440070115004,Sporadically high risk for overdose
440070116002,Sporadically high risk for overdose
440070117011,Sporadically high risk for overdose
440070117012,Sporadically high risk for overdose
440070118001,Sporadically high risk for overdose
440070118002,Sporadically high risk for overdose
440070118003,Sporadically high risk for overdose
440070119011,Sporadically high risk for overdose
440070120002,Sporadically high risk for overdose
440070121021,Sporadically high risk for overdose
440070122004,Sporadically high risk for overdose
440070123001,Sporadically high risk for overdose
440070123002,Sporadically high risk for overdose
440070123003,Sporadically high risk for overdose
440070124016,Sporadically high risk for overdose
440070126022,Sporadically high risk for overdose
440070128031,Sporadically high risk for overdose
440070128032,Sporadically high risk for overdose
440070129001,Sporadically high risk for overdose
440070129002,Sporadically high risk for overdose
440070130021,Sporadically high risk for overdose
440070132022,Sporadically high risk for overdose
440070135005,Sporadically high risk for overdose
440070136003,Sporadically high risk for overdose
440070139003,Sporadically high risk for overdose
440070140002,Sporadically high risk for overdose
440070140003,Sporadically high risk for overdose
440070141001,Sporadically high risk for overdose
440070141002,Sporadically high risk for overdose
440070141003,Sporadically high risk for overdose
440070142002,Sporadically high risk for overdose
440070146002,Sporadically high risk for overdose
440070147001,Sporadically high risk for overdose
440070147002,Sporadically high risk for overdose
440070147003,Sporadically high risk for overdose
440070147005,Sporadically high risk for overdose
440070147006,Sporadically high risk for overdose
440070148001,Sporadically high risk for overdose
440070148002,Sporadically high risk for overdose
440070150001,Sporadically high risk for overdose
440070150002,Sporadically high risk for overdose
440070151003,Sporadically high risk for overdose
440070153001,Sporadically high risk for overdose
440070153002,Sporadically high risk for overdose
440070155003,Sporadically high risk for overdose
440070160001,Sporadically high risk for overdose
440070161003,Sporadically high risk for overdose
440070164002,Sporadically high risk for overdose
440070164003,Sporadically high risk for overdose
440070165002,Sporadically high risk for overdose
440070166001,Sporadically high risk for overdose
440070167001,Sporadically high risk for overdose
440070170002,Sporadically high risk for overdose
440070171002,Sporadically high risk for overdose
440070173002,Sporadically high risk for overdose
440070174001,Sporadically high risk for overdose
440070175001,Sporadically high risk for overdose
440070177003,Sporadically high risk for overdose
440070178001,Sporadically high risk for overdose
440070178002,Sporadically high risk for overdose
440070178003,Sporadically high risk for overdose
440070179001,Sporadically high risk for overdose
440070179002,Sporadically high risk for overdose
440070182001,Sporadically high risk for overdose
440070182002,Sporadically high risk for overdose
440070184001,Sporadically high risk for overdose
440070184003,Sporadically high risk for overdose
440070184005,Sporadically high risk for overdose
440070185001,Sporadically high risk for overdose
440070185002,Sporadically high risk for overdose
440090501031,Sporadically high risk for overdose
440090501035,Sporadically high risk for overdose
440090501041,Sporadically high risk for overdose
440090503023,Sporadically high risk for overdose
440090505003,Sporadically high risk for overdose
440090507001,Sporadically high risk for overdose
440090508013,Sporadically high risk for overdose
440090508014,Sporadically high risk for overdose
440090508015,Sporadically high risk for overdose
440090508021,Sporadically high risk for overdose
440090509012,Sporadically high risk for overdose
440090509021,Sporadically high risk for overdose
440090512012,Sporadically high risk for overdose
440090515041,Sporadically high risk for overdose
