GEOID,HEZ
440050404002,
440070105024,HEZ - East Providence
440070151002,HEZ - Pawtucket & Central Falls
440010306023,HEZ - Warren
440030206032,
440070128011,HEZ - Blackstone Valley
440070121043,HEZ - Tri-County
440090513024,HEZ - Washington County
440030205002,HEZ - West Warwick
440010309024,HEZ - Bristol
440010303001,
440090513062,HEZ - Washington County
440030208003,
440070127021,HEZ - Tri-County
440030210012,HEZ - Warwick
440070123002,HEZ - Tri-County
440070127012,HEZ - Tri-County
440030203001,HEZ - West Warwick
440050417021,
440090506002,HEZ - Washington County
440070181001,HEZ - Woonsocket
440070169002,HEZ - Pawtucket & Central Falls
440070114011,HEZ - Blackstone Valley
440070114031,HEZ - Blackstone Valley
440070156001,HEZ - Pawtucket & Central Falls
440010309012,HEZ - Bristol
440070021012,HEZ - Central Providence
440050408003,
440070008002,
440070143004,HEZ - OneCranston
440050409002,
440050416022,
440070174001,HEZ - Woonsocket
440090501042,HEZ - Washington County
440070161002,HEZ - Pawtucket & Central Falls
440070035002,
440070107021,HEZ - East Providence
440090515031,HEZ - Washington County
440030204002,HEZ - West Warwick
440070014003,HEZ - 02907
440070152002,HEZ - Pawtucket & Central Falls
440070023002,HEZ - Central Providence
440090504022,HEZ - Washington County
440090513041,HEZ - Washington County
440070024005,HEZ - Central Providence
440050411002,HEZ - Newport
440070033003,
440090515022,HEZ - Washington County
440070034004,
440070011001,HEZ - Central Providence
440050412001,HEZ - Newport
440070128012,HEZ - Blackstone Valley
440070134002,HEZ - OneCranston
440070175002,HEZ - Woonsocket
440050403022,
440010309023,HEZ - Bristol
440070178002,HEZ - Woonsocket
440010302002,
440070027002,HEZ - Central Providence
440030206042,
440090509021,HEZ - Washington County
440070139003,HEZ - OneCranston
440030221004,HEZ - Warwick
440050406001,HEZ - Newport
440070021024,HEZ - Central Providence
440070112002,HEZ - Blackstone Valley
440070107012,HEZ - East Providence
440070035003,
440030214012,HEZ - Warwick
440090512011,HEZ - Washington County
440070103002,HEZ - East Providence
440070112004,HEZ - Blackstone Valley
440070102002,HEZ - East Providence
440070155004,HEZ - Pawtucket & Central Falls
440070121021,HEZ - Tri-County
440070178001,HEZ - Woonsocket
440070138002,HEZ - OneCranston
440090508015,HEZ - Washington County
440070003002,HEZ - 02907
440070140005,HEZ - OneCranston
440090509024,HEZ - Washington County
440070159004,HEZ - Pawtucket & Central Falls
440070118005,HEZ - Tri-County
440090513063,HEZ - Washington County
440070012001,HEZ - 02907
440070014005,HEZ - 02907
440090507001,HEZ - Washington County
440070124011,HEZ - Tri-County
440070121041,HEZ - Tri-County
440030219032,HEZ - Warwick
440070102007,HEZ - East Providence
440070119023,HEZ - Tri-County
440070140003,HEZ - OneCranston
440030207033,
440090510002,HEZ - Washington County
440070005003,HEZ - South Providence
440070128022,HEZ - Blackstone Valley
440090514001,HEZ - Washington County
440090501033,HEZ - Washington County
440070140001,HEZ - OneCranston
440070113011,HEZ - Blackstone Valley
440030203004,HEZ - West Warwick
440070171004,HEZ - Pawtucket & Central Falls
440070032002,
440070130011,
440070016005,HEZ - Central Providence
440070016001,HEZ - Central Providence
440070004001,HEZ - South Providence
440070003005,HEZ - 02907
440070026003,HEZ - Central Providence
440070132012,
440010301001,
440070105023,HEZ - East Providence
440070128032,HEZ - Blackstone Valley
440070122001,HEZ - Tri-County
440070141002,HEZ - OneCranston
440070127023,HEZ - Tri-County
440050405002,HEZ - Newport
440070101013,HEZ - East Providence
440070134001,HEZ - OneCranston
440030223001,HEZ - Warwick
440030215011,HEZ - Warwick
440070169001,HEZ - Pawtucket & Central Falls
440070129002,
440070139002,HEZ - OneCranston
440070114014,HEZ - Blackstone Valley
440030222011,HEZ - Warwick
440070035004,
440070019001,HEZ - Central Providence
440070180001,HEZ - Woonsocket
440070110003,HEZ - Pawtucket & Central Falls
440070165002,HEZ - Pawtucket & Central Falls
440090511022,HEZ - Washington County
440070143002,HEZ - OneCranston
440070163002,HEZ - Pawtucket & Central Falls
440030201022,HEZ - West Warwick
440070115002,HEZ - Blackstone Valley
440010302003,
440070029005,HEZ - Central Providence
440010304001,
440070106002,HEZ - East Providence
440070133003,
440030219031,HEZ - Warwick
440050411001,HEZ - Newport
440070145023,HEZ - OneCranston
440050411003,HEZ - Newport
440070035001,
440070111001,HEZ - Pawtucket & Central Falls
440030209013,
440070125001,HEZ - Tri-County
440070105021,HEZ - East Providence
440070021013,HEZ - Central Providence
440030209011,
440090515041,HEZ - Washington County
440050404003,
440050413004,
440070155001,HEZ - Pawtucket & Central Falls
440070019003,HEZ - Central Providence
440050401022,
440070170003,HEZ - Pawtucket & Central Falls
440070107022,HEZ - East Providence
440070114021,HEZ - Blackstone Valley
440070001013,HEZ - South Providence
440070141004,HEZ - OneCranston
440090508022,HEZ - Washington County
440050405003,HEZ - Newport
440050404001,
440070013001,HEZ - 02907
440070150002,HEZ - Pawtucket & Central Falls
440070155003,HEZ - Pawtucket & Central Falls
440070021025,HEZ - Central Providence
440070158004,HEZ - Pawtucket & Central Falls
440070173002,HEZ - Woonsocket
440070007002,HEZ - 02907
440030217002,HEZ - Warwick
440030206013,
440070018005,HEZ - Central Providence
440070142002,HEZ - OneCranston
440030221003,HEZ - Warwick
440090511013,HEZ - Washington County
440070112001,HEZ - Blackstone Valley
440090505002,HEZ - Washington County
440050408001,
440070184003,HEZ - Woonsocket
440070013003,HEZ - 02907
440070124014,HEZ - Tri-County
440030210024,HEZ - Warwick
440070015001,HEZ - 02907
440070009001,HEZ - Central Providence
440070157002,HEZ - Pawtucket & Central Falls
440070115004,HEZ - Blackstone Valley
440070016006,HEZ - Central Providence
440030223003,HEZ - Warwick
440070025002,HEZ - Central Providence
440070144001,HEZ - OneCranston
440070170002,HEZ - Pawtucket & Central Falls
440030211004,HEZ - Warwick
440070165003,HEZ - Pawtucket & Central Falls
440070021011,HEZ - Central Providence
440090501035,HEZ - Washington County
440070153002,HEZ - Pawtucket & Central Falls
440070136001,HEZ - OneCranston
440070167001,HEZ - Pawtucket & Central Falls
440070115001,HEZ - Blackstone Valley
440090510005,HEZ - Washington County
440070127022,HEZ - Tri-County
440030213002,HEZ - Warwick
440070151003,HEZ - Pawtucket & Central Falls
440070126022,HEZ - Tri-County
440070137012,HEZ - OneCranston
440070031003,
440010307002,HEZ - Bristol
440070119022,HEZ - Tri-County
440070034002,
440070119021,HEZ - Tri-County
440030223004,HEZ - Warwick
440070015002,HEZ - 02907
440050417022,
440070133001,
440070130013,
440030206041,
440090515023,HEZ - Washington County
440030207032,
440070018002,HEZ - Central Providence
440070180002,HEZ - Woonsocket
440050406004,HEZ - Newport
440070179003,HEZ - Woonsocket
440070165001,HEZ - Pawtucket & Central Falls
440070126024,HEZ - Tri-County
440070117012,HEZ - Blackstone Valley
440090506001,HEZ - Washington County
440050401036,
440070135002,HEZ - OneCranston
440070008001,
440090501034,HEZ - Washington County
440030224002,
440050406002,HEZ - Newport
440070019006,HEZ - Central Providence
440070020001,HEZ - Central Providence
440030210011,HEZ - Warwick
440090507004,HEZ - Washington County
440070121024,HEZ - Tri-County
440070137013,HEZ - OneCranston
440070157003,HEZ - Pawtucket & Central Falls
440070126025,HEZ - Tri-County
440050401012,
440070116002,HEZ - Blackstone Valley
440070131013,
440090513025,HEZ - Washington County
440070140004,HEZ - OneCranston
440030214023,HEZ - Warwick
440050416011,
440010306013,HEZ - Warren
440070177001,HEZ - Woonsocket
440030217005,HEZ - Warwick
440070130023,
440090509023,HEZ - Washington County
440070022001,HEZ - Central Providence
440070122002,HEZ - Tri-County
440070110002,HEZ - Pawtucket & Central Falls
440070135004,HEZ - OneCranston
440030223002,HEZ - Warwick
440090512023,HEZ - Washington County
440070174003,HEZ - Woonsocket
440070163001,HEZ - Pawtucket & Central Falls
440070168001,HEZ - Pawtucket & Central Falls
440090511023,HEZ - Washington County
440070124016,HEZ - Tri-County
440090504011,HEZ - Washington County
440010303003,
440030215024,HEZ - Warwick
440050409004,
440070108003,HEZ - Pawtucket & Central Falls
440010308002,HEZ - Bristol
440070108001,HEZ - Pawtucket & Central Falls
440070111002,HEZ - Pawtucket & Central Falls
440070118002,HEZ - Tri-County
440070102005,HEZ - East Providence
440070168002,HEZ - Pawtucket & Central Falls
440070020003,HEZ - Central Providence
440070017003,HEZ - Central Providence
440070108002,HEZ - Pawtucket & Central Falls
440070146002,HEZ - OneCranston
440070023004,HEZ - Central Providence
440090511012,HEZ - Washington County
440070137021,HEZ - OneCranston
440050401033,
440050403041,
440070033004,
440070010002,HEZ - Central Providence
440070119011,HEZ - Tri-County
440070173001,HEZ - Woonsocket
440090509011,HEZ - Washington County
440070130022,
440070145013,HEZ - OneCranston
440070138005,HEZ - OneCranston
440070138003,HEZ - OneCranston
440070181002,HEZ - Woonsocket
440010304003,
440070159003,HEZ - Pawtucket & Central Falls
440050401035,
440090515044,HEZ - Washington County
440030220001,HEZ - Warwick
440090505003,HEZ - Washington County
440070126021,HEZ - Tri-County
440070146001,HEZ - OneCranston
440070026001,HEZ - Central Providence
440050409003,
440070020004,HEZ - Central Providence
440030207031,
440070018003,HEZ - Central Providence
440070011002,HEZ - Central Providence
440030213003,HEZ - Warwick
440090515024,HEZ - Washington County
440010306012,HEZ - Warren
440090511021,HEZ - Washington County
440070004004,HEZ - South Providence
440030215022,HEZ - Warwick
440070131021,
440090512012,HEZ - Washington County
440070126026,HEZ - Tri-County
440070117021,HEZ - Blackstone Valley
440010309022,HEZ - Bristol
440090415001,HEZ - Washington County
440070121023,HEZ - Tri-County
440030211002,HEZ - Warwick
440070117011,HEZ - Blackstone Valley
440070148001,HEZ - OneCranston
440070003001,HEZ - 02907
440030215021,HEZ - Warwick
440070114034,HEZ - Blackstone Valley
440070185002,HEZ - Woonsocket
440030207022,
440030203002,HEZ - West Warwick
440070128021,HEZ - Blackstone Valley
440070141003,HEZ - OneCranston
440090509012,HEZ - Washington County
440070032003,
440030219013,HEZ - Warwick
440070003006,HEZ - 02907
440050403021,
440070134003,HEZ - OneCranston
440070132011,
440070161001,HEZ - Pawtucket & Central Falls
440090504021,HEZ - Washington County
440070161003,HEZ - Pawtucket & Central Falls
440090513021,HEZ - Washington County
440070148003,HEZ - OneCranston
440070174002,HEZ - Woonsocket
440070120002,HEZ - Tri-County
440050414001,
440070135003,HEZ - OneCranston
440090515033,HEZ - Washington County
440070001024,HEZ - South Providence
440070001023,HEZ - South Providence
440030201023,HEZ - West Warwick
440070129003,
440070184002,HEZ - Woonsocket
440070001012,HEZ - South Providence
440070101011,HEZ - East Providence
440050402001,
440070173003,HEZ - Woonsocket
440090513051,HEZ - Washington County
440070014002,HEZ - 02907
440070147006,HEZ - OneCranston
440050407003,
440030222023,HEZ - Warwick
440070125003,HEZ - Tri-County
440070023003,HEZ - Central Providence
440070120001,HEZ - Tri-County
440050410001,
440070164001,HEZ - Pawtucket & Central Falls
440090509022,HEZ - Washington County
440090515043,HEZ - Washington County
440070106004,HEZ - East Providence
440010307001,HEZ - Bristol
440090512024,HEZ - Washington County
440070145011,HEZ - OneCranston
440090503012,HEZ - Washington County
440070184004,HEZ - Woonsocket
440070109003,HEZ - Pawtucket & Central Falls
440070016002,HEZ - Central Providence
440070014004,HEZ - 02907
440070182002,HEZ - Woonsocket
440070121032,HEZ - Tri-County
440030215012,HEZ - Warwick
440070019002,HEZ - Central Providence
440070106006,HEZ - East Providence
440070006001,HEZ - South Providence
440030201021,HEZ - West Warwick
440070122003,HEZ - Tri-County
440070154001,HEZ - Pawtucket & Central Falls
440030211001,HEZ - Warwick
440070018001,HEZ - Central Providence
440030201011,HEZ - West Warwick
440090512021,HEZ - Washington County
440070142001,HEZ - OneCranston
440070109001,HEZ - Pawtucket & Central Falls
440070105011,HEZ - East Providence
440070024006,HEZ - Central Providence
440070102004,HEZ - East Providence
440030220003,HEZ - Warwick
440070123001,HEZ - Tri-County
440070151001,HEZ - Pawtucket & Central Falls
440070009002,HEZ - Central Providence
440090508021,HEZ - Washington County
440070175003,HEZ - Woonsocket
440070011003,HEZ - Central Providence
440070157004,HEZ - Pawtucket & Central Falls
440090415002,HEZ - Washington County
440030220002,HEZ - Warwick
440030219033,HEZ - Warwick
440070141001,HEZ - OneCranston
440070031004,
440070113012,HEZ - Blackstone Valley
440070036022,
440090504012,HEZ - Washington County
440070130021,
440070007003,HEZ - 02907
440030213001,HEZ - Warwick
440050401021,
440070032004,
440010305003,HEZ - Warren
440070025001,HEZ - Central Providence
440050413005,
440010309013,HEZ - Bristol
440070031001,
440030219014,HEZ - Warwick
440070029003,HEZ - Central Providence
440090512022,HEZ - Washington County
440070164003,HEZ - Pawtucket & Central Falls
440070105012,HEZ - East Providence
440030203005,HEZ - West Warwick
440070140002,HEZ - OneCranston
440030211003,HEZ - Warwick
440050417011,
440070153001,HEZ - Pawtucket & Central Falls
440070106001,HEZ - East Providence
440070131011,
440030206014,
440070002003,HEZ - 02907
440070120004,HEZ - Tri-County
440070163003,HEZ - Pawtucket & Central Falls
440030222021,HEZ - Warwick
440030209033,
440070132013,
440070183001,HEZ - Woonsocket
440010308003,HEZ - Bristol
440050401032,
440030202001,HEZ - West Warwick
440030216001,HEZ - Warwick
440070180003,HEZ - Woonsocket
440050401011,
440050401034,
440090503023,HEZ - Washington County
440070161004,HEZ - Pawtucket & Central Falls
440010305002,HEZ - Warren
440070132014,
440030224001,
440070118003,HEZ - Tri-County
440090507006,HEZ - Washington County
440070135005,HEZ - OneCranston
440050409001,
440070104003,HEZ - East Providence
440090508011,HEZ - Washington County
440030209031,
440050405001,HEZ - Newport
440070016007,HEZ - Central Providence
440090506004,HEZ - Washington County
440010301003,
440070116004,HEZ - Blackstone Valley
440070107023,HEZ - East Providence
440070018006,HEZ - Central Providence
440030206022,
440070113022,HEZ - Blackstone Valley
440030206043,
440090507005,HEZ - Washington County
440070104001,HEZ - East Providence
440070104002,HEZ - East Providence
440070026002,HEZ - Central Providence
440070143003,HEZ - OneCranston
440070184005,HEZ - Woonsocket
440070159002,HEZ - Pawtucket & Central Falls
440070023006,HEZ - Central Providence
440070107025,HEZ - East Providence
440030205003,HEZ - West Warwick
440070014001,HEZ - 02907
440070130012,
440070024004,HEZ - Central Providence
440070159001,HEZ - Pawtucket & Central Falls
440070130024,
440070117022,HEZ - Blackstone Valley
440090513023,HEZ - Washington County
440070006002,HEZ - South Providence
440070019005,HEZ - Central Providence
440070029002,HEZ - Central Providence
440090513026,HEZ - Washington County
440070156002,HEZ - Pawtucket & Central Falls
440070113023,HEZ - Blackstone Valley
440070101012,HEZ - East Providence
440070012003,HEZ - 02907
440070037004,
440070022004,HEZ - Central Providence
440010301002,
440030209012,
440030222014,HEZ - Warwick
440050413002,
440070028004,HEZ - Central Providence
440030219023,HEZ - Warwick
440030217001,HEZ - Warwick
440030218002,HEZ - Warwick
440070158003,HEZ - Pawtucket & Central Falls
440010307003,HEZ - Bristol
440030201012,HEZ - West Warwick
440090510004,HEZ - Washington County
440010302001,
440050407001,
440030221001,HEZ - Warwick
440090509013,HEZ - Washington County
440070028003,HEZ - Central Providence
440070024001,HEZ - Central Providence
440070005001,HEZ - South Providence
440070176002,HEZ - Woonsocket
440070101014,HEZ - East Providence
440090501032,HEZ - Washington County
440090503021,HEZ - Washington County
440070001021,HEZ - South Providence
440070103001,HEZ - East Providence
440030206011,
440070027003,HEZ - Central Providence
440070147005,HEZ - OneCranston
440070158002,HEZ - Pawtucket & Central Falls
440070036023,
440030206021,
440070017002,HEZ - Central Providence
440050416021,
440070028002,HEZ - Central Providence
440090503022,HEZ - Washington County
440030209032,
440070004003,HEZ - South Providence
440070031005,
440070107011,HEZ - East Providence
440050403032,
440070157001,HEZ - Pawtucket & Central Falls
440070144002,HEZ - OneCranston
440070137011,HEZ - OneCranston
440070001022,HEZ - South Providence
440070148002,HEZ - OneCranston
440070112005,HEZ - Blackstone Valley
440070154002,HEZ - Pawtucket & Central Falls
440070113021,HEZ - Blackstone Valley
440030209014,
440070106005,HEZ - East Providence
440030219011,HEZ - Warwick
440090507002,HEZ - Washington County
440070001014,HEZ - South Providence
440070129004,
440070003003,HEZ - 02907
440030207021,
440070022002,HEZ - Central Providence
440070171003,HEZ - Pawtucket & Central Falls
440070138001,HEZ - OneCranston
440070104004,HEZ - East Providence
440070105022,HEZ - East Providence
440070179002,HEZ - Woonsocket
440070028001,HEZ - Central Providence
440070013002,HEZ - 02907
440030203003,HEZ - West Warwick
440070031002,
440090510001,HEZ - Washington County
440070160002,HEZ - Pawtucket & Central Falls
440050417023,
440030217003,HEZ - Warwick
440070004002,HEZ - South Providence
440030204001,HEZ - West Warwick
440030222013,HEZ - Warwick
440070160001,HEZ - Pawtucket & Central Falls
440070010001,HEZ - Central Providence
440030210021,HEZ - Warwick
440090508012,HEZ - Washington County
440030214022,HEZ - Warwick
440030216002,HEZ - Warwick
440070027001,HEZ - Central Providence
440070126023,HEZ - Tri-County
440070034003,
440070175001,HEZ - Woonsocket
440070185001,HEZ - Woonsocket
440090515021,HEZ - Washington County
440070023005,HEZ - Central Providence
440070166001,HEZ - Pawtucket & Central Falls
440070155002,HEZ - Pawtucket & Central Falls
440010308001,HEZ - Bristol
440030206033,
440070002004,HEZ - 02907
440070124015,HEZ - Tri-County
440070147002,HEZ - OneCranston
440070137022,HEZ - OneCranston
440070013004,HEZ - 02907
440010303002,
440010309011,HEZ - Bristol
440030219022,HEZ - Warwick
440070007001,HEZ - 02907
440070018004,HEZ - Central Providence
440070103003,HEZ - East Providence
440030217004,HEZ - Warwick
440070024003,HEZ - Central Providence
440090501031,HEZ - Washington County
440070101021,HEZ - East Providence
440070135001,HEZ - OneCranston
440030215023,HEZ - Warwick
440070102001,HEZ - East Providence
440070168003,HEZ - Pawtucket & Central Falls
440070126012,HEZ - Tri-County
440090511011,HEZ - Washington County
440070121022,HEZ - Tri-County
440090503011,HEZ - Washington County
440090503013,HEZ - Washington County
440070160003,HEZ - Pawtucket & Central Falls
440030209041,
440070005002,HEZ - South Providence
440070121042,HEZ - Tri-County
440090504023,HEZ - Washington County
440070037002,
440070120005,HEZ - Tri-County
440030222015,HEZ - Warwick
440070132021,
440010304002,
440030205001,HEZ - West Warwick
440070170004,HEZ - Pawtucket & Central Falls
440070184001,HEZ - Woonsocket
440070136003,HEZ - OneCranston
440070114015,HEZ - Blackstone Valley
440070101024,HEZ - East Providence
440070114012,HEZ - Blackstone Valley
440090510003,HEZ - Washington County
440090501021,HEZ - Washington County
440030213004,HEZ - Warwick
440070117023,HEZ - Blackstone Valley
440030206012,
440030210022,HEZ - Warwick
440070127011,HEZ - Tri-County
440030212003,HEZ - Warwick
440030215013,HEZ - Warwick
440070114022,HEZ - Blackstone Valley
440070145021,HEZ - OneCranston
440050403031,
440010306022,HEZ - Warren
440070171002,HEZ - Pawtucket & Central Falls
440050403042,
440070126011,HEZ - Tri-County
440070008003,
440070177002,HEZ - Woonsocket
440070138004,HEZ - OneCranston
440070178003,HEZ - Woonsocket
440070107024,HEZ - East Providence
440070034001,
440070137023,HEZ - OneCranston
440070110001,HEZ - Pawtucket & Central Falls
440070029004,HEZ - Central Providence
440090507003,HEZ - Washington County
440070146003,HEZ - OneCranston
440030207011,
440030214013,HEZ - Warwick
440070112003,HEZ - Blackstone Valley
440030204003,HEZ - West Warwick
440090501041,HEZ - Washington County
440070152001,HEZ - Pawtucket & Central Falls
440070177003,HEZ - Woonsocket
440070003004,HEZ - 02907
440070176001,HEZ - Woonsocket
440070021021,HEZ - Central Providence
440070134004,HEZ - OneCranston
440070142003,HEZ - OneCranston
440070021023,HEZ - Central Providence
440090506003,HEZ - Washington County
440070182001,HEZ - Woonsocket
440070116001,HEZ - Blackstone Valley
440070122004,HEZ - Tri-County
440070023001,HEZ - Central Providence
440070109002,HEZ - Pawtucket & Central Falls
440070171001,HEZ - Pawtucket & Central Falls
440090513052,HEZ - Washington County
440030202002,HEZ - West Warwick
440010305001,HEZ - Warren
440070033001,
440030206031,
440070118004,HEZ - Tri-County
440030219021,HEZ - Warwick
440070113013,HEZ - Blackstone Valley
440030219012,HEZ - Warwick
440070156003,HEZ - Pawtucket & Central Falls
440090515025,HEZ - Washington County
440070016003,HEZ - Central Providence
440070125002,HEZ - Tri-County
440070139001,HEZ - OneCranston
440070150001,HEZ - Pawtucket & Central Falls
440070029001,HEZ - Central Providence
440030208001,
440050401023,
440070169003,HEZ - Pawtucket & Central Falls
440030222022,HEZ - Warwick
440030222012,HEZ - Warwick
440070019004,HEZ - Central Providence
440030210023,HEZ - Warwick
440070145022,HEZ - OneCranston
440070158005,HEZ - Pawtucket & Central Falls
440030201013,HEZ - West Warwick
440070179001,HEZ - Woonsocket
440030202003,HEZ - West Warwick
440010306011,HEZ - Warren
440070137014,HEZ - OneCranston
440070106003,HEZ - East Providence
440070133002,
440070147003,HEZ - OneCranston
440070032001,
440070132022,
440070105013,HEZ - East Providence
440030214011,HEZ - Warwick
440070136002,HEZ - OneCranston
440070036012,
440090513061,HEZ - Washington County
440070123003,HEZ - Tri-County
440070158001,HEZ - Pawtucket & Central Falls
440070124021,HEZ - Tri-County
440070001011,HEZ - South Providence
440070167002,HEZ - Pawtucket & Central Falls
440070036021,
440070022003,HEZ - Central Providence
440030212001,HEZ - Warwick
440070115003,HEZ - Blackstone Valley
440070127013,HEZ - Tri-County
440010306024,HEZ - Warren
440050414002,
440070144003,HEZ - OneCranston
440070147001,HEZ - OneCranston
440070128013,HEZ - Blackstone Valley
440070131012,
440070024002,HEZ - Central Providence
440070131022,
440070017001,HEZ - Central Providence
440070015003,HEZ - 02907
440030208002,
440050413001,
440050408002,
440090515032,HEZ - Washington County
440070033002,
440070002001,HEZ - 02907
440070185003,HEZ - Woonsocket
440070128031,HEZ - Blackstone Valley
440070002002,HEZ - 02907
440070118001,HEZ - Tri-County
440070114033,HEZ - Blackstone Valley
440070121031,HEZ - Tri-County
440070101022,HEZ - East Providence
440030209042,
440070164002,HEZ - Pawtucket & Central Falls
440070020002,HEZ - Central Providence
440010308004,HEZ - Bristol
440050416012,
440070143001,HEZ - OneCranston
440050406003,HEZ - Newport
440070116003,HEZ - Blackstone Valley
440090501022,HEZ - Washington County
440070114032,HEZ - Blackstone Valley
440070132023,
440050401013,
440050407002,
440010301004,
440070131023,
440090505001,HEZ - Washington County
440090508014,HEZ - Washington County
440070102006,HEZ - East Providence
440070129001,
440070124012,HEZ - Tri-County
440010307004,HEZ - Bristol
440070037003,
440030214021,HEZ - Warwick
440070119012,HEZ - Tri-County
440070002005,HEZ - 02907
440070036011,
440070124022,HEZ - Tri-County
440090511014,HEZ - Washington County
440010306021,HEZ - Warren
440070170001,HEZ - Pawtucket & Central Falls
440070147004,HEZ - OneCranston
440010309021,HEZ - Bristol
440030221002,HEZ - Warwick
440070133004,
440070021022,HEZ - Central Providence
440030215014,HEZ - Warwick
440090508013,HEZ - Washington County
440070114013,HEZ - Blackstone Valley
440070120003,HEZ - Tri-County
440070117013,HEZ - Blackstone Valley
440070104005,HEZ - East Providence
440050410002,
440070012002,HEZ - 02907
440070016004,HEZ - Central Providence
440070102003,HEZ - East Providence
440050413003,
440070027004,HEZ - Central Providence
440090513022,HEZ - Washington County
440070037001,
440070145012,HEZ - OneCranston
440030212002,HEZ - Warwick
440070124013,HEZ - Tri-County
440070101023,HEZ - East Providence
440030218001,HEZ - Warwick
440090515042,HEZ - Washington County

